{
  "settings": {
    "appVersion": 1,
    "name": "siteName",
    "title": "siteTitle",
    "googleFonts": [
      "Open Sans"
    ],
    "stylesheets": [],
    "scripts": []
  },
  "elementsRoot": {
    "tag": "html",
    "description": "Html",
    "text": "",
    "style": {},
    "phone": {},
    "attributes": {},
    "childs": [
      {
        "appId": 0,
        "tag": "head",
        "description": "Head",
        "text": "",
        "style": {},
        "phone": {},
        "attributes": {},
        "childs": []
      },
      {
        "appId": 1,
        "tag": "body",
        "description": "Body",
        "text": "",
        "style": {
          "font-family": "Open Sans",
          "margin": "0",
          "padding": "0"
        },
        "phone": {},
        "attributes": {},
        "childs": [
          {
            "appId": 2,
            "tag": "iframe",
            "description": "Google map",
            "text": "",
            "style": {
              "-attributes-input": "src=\"https://www.google.com/maps/embed?pb=!1m18!1m12!1m3!1d2993.4493037886214!2d2.167108915743791!3d41.38604790404046!2m3!1f0!2f0!3f0!3m2!1i1024!2i768!4f13.1!3m3!1m2!1s0x12a4a2f3fecaf857%3A0x3ec5c68faba42d52!2sPla%C3%A7a%20de%20Catalunya%2C%201%2C%2008002%20Barcelona!5e0!3m2!1sca!2ses!4v1610619420858!5m2!1sca!2ses\":;frameborder=\"0\":;allowfullscreen=\"true\":;aria-hidden=\"false\":;tabindex=\"0\":;width=\"100%\""
            },
            "phone": {},
            "attributes": {
              "src": "https://www.google.com/maps/embed?pb=!1m18!1m12!1m3!1d2993.4493037886214!2d2.167108915743791!3d41.38604790404046!2m3!1f0!2f0!3f0!3m2!1i1024!2i768!4f13.1!3m3!1m2!1s0x12a4a2f3fecaf857%3A0x3ec5c68faba42d52!2sPla%C3%A7a%20de%20Catalunya%2C%201%2C%2008002%20Barcelona!5e0!3m2!1sca!2ses!4v1610619420858!5m2!1sca!2ses",
              "frameborder": "0",
              "allowfullscreen": "true",
              "aria-hidden": "false",
              "tabindex": "0",
              "width": "100%"
            },
            "childs": []
          }
        ]
      }
    ]
  }
}