{
  "settings": {
    "appVersion": 1,
    "name": "siteName",
    "title": "siteTitle",
    "googleFonts": [
      "Open Sans"
    ],
    "stylesheets": [],
    "scripts": []
  },
  "elementsRoot": {
    "tag": "html",
    "description": "Html",
    "text": "",
    "style": {},
    "phone": {},
    "attributes": {},
    "childs": [
      {
        "appId": 0,
        "tag": "head",
        "description": "Head",
        "text": "",
        "style": {},
        "phone": {},
        "attributes": {},
        "childs": []
      },
      {
        "appId": 1,
        "tag": "body",
        "description": "Body",
        "text": "",
        "style": {
          "font-family": "Open Sans",
          "margin": "0",
          "padding": "0"
        },
        "phone": {},
        "attributes": {},
        "childs": [
          {
            "appId": 2,
            "tag": "div",
            "description": "Autocenter",
            "text": "",
            "style": {
              "margin-right": "auto",
              "margin-left": "auto",
              "box-sizing": "border-box",
              "width": "100%",
              "max-width": "1264px",
              "padding-right": "32px",
              "padding-left": "32px"
            },
            "phone": {
              "padding-right": "16px",
              "padding-left": "16px"
            },
            "attributes": {},
            "childs": [
              {
                "appId": 3,
                "tag": "h1",
                "description": "Header 1",
                "text": "",
                "style": {
                  "font-size": "5em",
                  "background": "conic-gradient(#ec8c86,#d78191,#c1759c,#8eabcb,#7cbddb,#91c6a8,#b4d48d,#dfc17e,#ec8c86)",
                  "color": "transparent",
                  "background-clip": "text"
                },
                "phone": {
                  "font-size": "3em"
                },
                "attributes": {},
                "childs": [
                  {
                    "appId": 4,
                    "tag": "text",
                    "description": "",
                    "text": "Nobody can hurt me without my permission",
                    "style": {},
                    "phone": {},
                    "attributes": {},
                    "childs": []
                  }
                ]
              }
            ]
          }
        ]
      }
    ]
  }
}