{
  "settings": {
    "appVersion": 1,
    "name": "siteName",
    "googleFonts": [
      "Open Sans"
    ],
    "stylesheets": [],
    "scripts": []
  },
  "elementsRoot": {
    "tag": "html",
    "description": "Html",
    "text": "",
    "style": {},
    "phone": {},
    "attributes": {},
    "childs": [
      {
        "tag": "head",
        "description": "Head",
        "text": "",
        "style": {},
        "phone": {},
        "attributes": {},
        "childs": []
      },
      {
        "tag": "body",
        "description": "Body",
        "text": "",
        "style": {
          "font-family": "Open Sans",
          "margin": "0",
          "padding": "0"
        },
        "phone": {},
        "attributes": {},
        "childs": [
          {
            "tag": "div",
            "description": "Autocenter",
            "text": "",
            "style": {
              "margin-right": "auto",
              "margin-left": "auto",
              "box-sizing": "border-box",
              "width": "100%",
              "max-width": "1264px",
              "padding-right": "32px",
              "padding-left": "32px",
              "display": "flex",
              "justify-content": "center",
              "flex-wrap": "wrap"
            },
            "phone": {
              "padding-right": "16px",
              "padding-left": "16px"
            },
            "attributes": {},
            "childs": [
              {
                "tag": "div",
                "description": "Card 0",
                "text": "",
                "style": {
                  "overflow": "hidden",
                  "border-radius": "16px",
                  "min-width": "275px",
                  "max-width": "275px",
                  "border": "solid 1px lightgray",
                  "-ts-vertical": 5,
                  "-ts-blur": 10,
                  "-ts-color": "rgba(0,0,0,0.20)",
                  "box-shadow": "0px 5px 10px 0px rgba(0,0,0,0.20)",
                  "margin": "16px",
                  "display": "flex",
                  "flex-direction": "column",
                  "justify-content": "space-between"
                },
                "phone": {},
                "attributes": {},
                "childs": [
                  {
                    "tag": "img",
                    "description": "Image",
                    "text": "",
                    "style": {
                      "box-sizing": "border-box",
                      "width": "100%"
                    },
                    "phone": {},
                    "attributes": {
                      "src": "./images/image9.jpg"
                    },
                    "childs": []
                  },
                  {
                    "tag": "div",
                    "description": "Block container",
                    "text": "",
                    "style": {
                      "min-height": "200px",
                      "box-sizing": "border-box",
                      "padding": "16px"
                    },
                    "phone": {},
                    "attributes": {},
                    "childs": [
                      {
                        "tag": "h1",
                        "description": "Header 1",
                        "text": "",
                        "style": {
                          "margin": "0"
                        },
                        "phone": {},
                        "attributes": {},
                        "childs": [
                          {
                            "tag": "text",
                            "description": "",
                            "text": "Climbing",
                            "style": {},
                            "phone": {},
                            "attributes": {},
                            "childs": []
                          }
                        ]
                      },
                      {
                        "tag": "p",
                        "description": "Paragraph of text",
                        "text": "",
                        "style": {},
                        "phone": {},
                        "attributes": {},
                        "childs": [
                          {
                            "tag": "text",
                            "description": "",
                            "text": "Mountain climbing is a challenging sport in which people climb steep rocky slopes to reach the top",
                            "style": {},
                            "phone": {},
                            "attributes": {},
                            "childs": []
                          }
                        ]
                      }
                    ]
                  }
                ]
              },
              {
                "tag": "div",
                "description": "Card 1",
                "text": "",
                "style": {
                  "overflow": "hidden",
                  "border-radius": "16px",
                  "min-width": "275px",
                  "max-width": "275px",
                  "border": "solid 1px lightgray",
                  "-ts-vertical": 5,
                  "-ts-blur": 10,
                  "-ts-color": "rgba(0,0,0,0.20)",
                  "box-shadow": "0px 5px 10px 0px rgba(0,0,0,0.20)",
                  "margin": "16px",
                  "display": "flex",
                  "flex-direction": "column",
                  "justify-content": "flex-end",
                  "background": "center / cover url(\"./images/image5.jpg\")"
                },
                "phone": {},
                "attributes": {},
                "childs": [
                  {
                    "tag": "div",
                    "description": "Block container",
                    "text": "",
                    "style": {
                      "min-height": "200px",
                      "box-sizing": "border-box",
                      "padding": "16px",
                      "-ts-f": "saturate",
                      "backdrop-filter": "blur(5px) saturate(200%)",
                      "-ts-f-size": "5px",
                      "-ts-f-percent": "100",
                      "-ts-f-percent2": "200",
                      "background-color": "rgba(255, 255, 255, 0.5)"
                    },
                    "phone": {},
                    "attributes": {},
                    "childs": [
                      {
                        "tag": "h1",
                        "description": "Header 1",
                        "text": "",
                        "style": {
                          "margin": "0"
                        },
                        "phone": {},
                        "attributes": {},
                        "childs": [
                          {
                            "tag": "text",
                            "description": "",
                            "text": "Hiking",
                            "style": {},
                            "phone": {},
                            "attributes": {},
                            "childs": []
                          }
                        ]
                      },
                      {
                        "tag": "p",
                        "description": "Paragraph of text",
                        "text": "",
                        "style": {},
                        "phone": {},
                        "attributes": {},
                        "childs": [
                          {
                            "tag": "text",
                            "description": "",
                            "text": "Hiking is a long distance walk along a specific trail, most commonly across country",
                            "style": {},
                            "phone": {},
                            "attributes": {},
                            "childs": []
                          }
                        ]
                      }
                    ]
                  }
                ]
              },
              {
                "tag": "div",
                "description": "Card 2",
                "text": "",
                "style": {
                  "overflow": "hidden",
                  "border-radius": "16px",
                  "min-width": "275px",
                  "max-width": "275px",
                  "border": "solid 1px lightgray",
                  "-ts-vertical": 5,
                  "-ts-blur": 10,
                  "-ts-color": "rgba(0,0,0,0.20)",
                  "box-shadow": "0px 5px 10px 0px rgba(0,0,0,0.20)",
                  "margin": "16px",
                  "display": "flex",
                  "justify-content": "space-between",
                  "flex-direction": "column",
                  "align-items": "center"
                },
                "phone": {},
                "attributes": {},
                "childs": [
                  {
                    "tag": "div",
                    "description": "Background image",
                    "text": "",
                    "style": {
                      "box-sizing": "border-box",
                      "width": "150px",
                      "height": "150px",
                      "background": "center / cover url(\"./images/image8.jpg\")",
                      "overflow": "hidden",
                      "border-radius": "100%",
                      "margin": "16px",
                      "box-shadow": "inset 0px 1px 15px 9px rgba(0,0,0,0.20)",
                      "-ts-vertical": "1",
                      "-ts-blur": "15",
                      "-ts-color": "rgba(0,0,0,0.20)",
                      "-ts-set": "inset",
                      "-ts-spread": "9"
                    },
                    "phone": {},
                    "attributes": {},
                    "childs": []
                  },
                  {
                    "tag": "div",
                    "description": "Block container",
                    "text": "",
                    "style": {
                      "min-height": "200px",
                      "box-sizing": "border-box",
                      "padding": "16px"
                    },
                    "phone": {},
                    "attributes": {},
                    "childs": [
                      {
                        "tag": "h1",
                        "description": "Header 1",
                        "text": "",
                        "style": {
                          "margin": "0"
                        },
                        "phone": {},
                        "attributes": {},
                        "childs": [
                          {
                            "tag": "text",
                            "description": "",
                            "text": "Trekking",
                            "style": {},
                            "phone": {},
                            "attributes": {},
                            "childs": []
                          }
                        ]
                      },
                      {
                        "tag": "p",
                        "description": "Paragraph of text",
                        "text": "",
                        "style": {},
                        "phone": {},
                        "attributes": {},
                        "childs": [
                          {
                            "tag": "text",
                            "description": "",
                            "text": "Trekking involves a long vigorous hike in wild natural environment for multiple days",
                            "style": {},
                            "phone": {},
                            "attributes": {},
                            "childs": []
                          }
                        ]
                      }
                    ]
                  }
                ]
              }
            ]
          }
        ]
      }
    ]
  }
}