{
  "settings": {
    "appVersion": 1,
    "name": "siteName",
    "title": "siteTitle",
    "googleFonts": [
      "Open Sans"
    ],
    "stylesheets": [
      "./examples/formStyled.css"
    ],
    "scripts": []
  },
  "elementsRoot": {
    "tag": "html",
    "description": "Html",
    "text": "",
    "style": {},
    "phone": {},
    "attributes": {},
    "childs": [
      {
        "appId": 0,
        "tag": "head",
        "description": "Head",
        "text": "",
        "style": {},
        "phone": {},
        "attributes": {},
        "childs": []
      },
      {
        "appId": 1,
        "tag": "body",
        "description": "Body",
        "text": "",
        "style": {
          "font-family": "Open Sans",
          "margin": "0",
          "padding": "0"
        },
        "phone": {},
        "attributes": {},
        "childs": [
          {
            "appId": 4,
            "tag": "div",
            "description": "Form elements",
            "text": "",
            "style": {
              "margin-right": "auto",
              "margin-left": "auto",
              "box-sizing": "border-box",
              "width": "100%",
              "max-width": "500px",
              "padding-right": "32px",
              "padding-left": "32px",
              "display": "flex",
              "flex-direction": "column",
              "align-items": "center"
            },
            "phone": {
              "padding-right": "16px",
              "padding-left": "16px"
            },
            "attributes": {},
            "childs": [
              {
                "appId": 22,
                "tag": "div",
                "description": "Separator",
                "text": "",
                "style": {
                  "box-sizing": "border-box",
                  "padding": "8px"
                },
                "phone": {},
                "attributes": {},
                "childs": []
              },
              {
                "appId": 5,
                "tag": "div",
                "description": "Input Text",
                "text": "",
                "style": {
                  "-attributes-input": "class=\"formInputText\""
                },
                "phone": {},
                "attributes": {
                  "class": "formInputText"
                },
                "childs": [
                  {
                    "appId": 6,
                    "tag": "input",
                    "description": "Form input",
                    "text": "",
                    "style": {
                      "-attributes-input": "placeholder=\"yes\":;pattern=\"[^0-9]*\":;autocomplete=\"off\":;type=\"text\""
                    },
                    "phone": {},
                    "attributes": {
                      "placeholder": "yes",
                      "pattern": "[^0-9]*",
                      "autocomplete": "off",
                      "type": "text"
                    },
                    "childs": []
                  },
                  {
                    "appId": 7,
                    "tag": "label",
                    "description": "Label",
                    "text": "",
                    "style": {},
                    "phone": {},
                    "attributes": {},
                    "childs": [
                      {
                        "appId": 8,
                        "tag": "text",
                        "description": "",
                        "text": "Name",
                        "style": {},
                        "phone": {},
                        "attributes": {},
                        "childs": []
                      }
                    ]
                  },
                  {
                    "appId": 9,
                    "tag": "span",
                    "description": "Span container",
                    "text": "",
                    "style": {},
                    "phone": {},
                    "attributes": {},
                    "childs": [
                      {
                        "appId": 10,
                        "tag": "text",
                        "description": "Text",
                        "text": "Numbers not allowed",
                        "style": {},
                        "phone": {},
                        "attributes": {},
                        "childs": []
                      }
                    ]
                  }
                ]
              },
              {
                "appId": 23,
                "tag": "div",
                "description": "Separator",
                "text": "",
                "style": {
                  "box-sizing": "border-box",
                  "padding": "8px"
                },
                "phone": {},
                "attributes": {},
                "childs": []
              },
              {
                "appId": 29,
                "tag": "label",
                "description": "Checkbox",
                "text": "",
                "style": {
                  "-attributes-input": "class=\"formCheckbox\""
                },
                "phone": {},
                "attributes": {
                  "class": "formCheckbox"
                },
                "childs": [
                  {
                    "appId": 30,
                    "tag": "input",
                    "description": "Form input",
                    "text": "",
                    "style": {
                      "-attributes-input": "type=\"checkbox\":;value=\"v0\""
                    },
                    "phone": {},
                    "attributes": {
                      "type": "checkbox",
                      "value": "v0"
                    },
                    "childs": []
                  },
                  {
                    "appId": 31,
                    "tag": "span",
                    "description": "Span container",
                    "text": "",
                    "style": {},
                    "phone": {},
                    "attributes": {},
                    "childs": [
                      {
                        "appId": 32,
                        "tag": "text",
                        "description": "Text",
                        "text": "Checkbox text",
                        "style": {},
                        "phone": {},
                        "attributes": {},
                        "childs": []
                      }
                    ]
                  }
                ]
              },
              {
                "appId": 24,
                "tag": "div",
                "description": "Separator",
                "text": "",
                "style": {
                  "box-sizing": "border-box",
                  "padding": "8px"
                },
                "phone": {},
                "attributes": {},
                "childs": []
              },
              {
                "appId": 33,
                "tag": "label",
                "description": "Radio 0",
                "text": "",
                "style": {
                  "-attributes-input": "class=\"formRadio\""
                },
                "phone": {},
                "attributes": {
                  "class": "formRadio"
                },
                "childs": [
                  {
                    "appId": 34,
                    "tag": "input",
                    "description": "Form input",
                    "text": "",
                    "style": {
                      "-attributes-input": "type=\"radio\":;name=\"group\":;value=\"r0\""
                    },
                    "phone": {},
                    "attributes": {
                      "type": "radio",
                      "name": "group",
                      "value": "r0"
                    },
                    "childs": []
                  },
                  {
                    "appId": 35,
                    "tag": "span",
                    "description": "Span container",
                    "text": "",
                    "style": {},
                    "phone": {},
                    "attributes": {},
                    "childs": [
                      {
                        "appId": 36,
                        "tag": "text",
                        "description": "Text",
                        "text": "Radio 0 text",
                        "style": {},
                        "phone": {},
                        "attributes": {},
                        "childs": []
                      }
                    ]
                  }
                ]
              },
              {
                "appId": 37,
                "tag": "label",
                "description": "Radio 1",
                "text": "",
                "style": {
                  "-attributes-input": "class=\"formRadio\""
                },
                "phone": {},
                "attributes": {
                  "class": "formRadio"
                },
                "childs": [
                  {
                    "appId": 38,
                    "tag": "input",
                    "description": "Form input",
                    "text": "",
                    "style": {
                      "-attributes-input": "type=\"radio\":;name=\"group\":;value=\"r1\""
                    },
                    "phone": {},
                    "attributes": {
                      "type": "radio",
                      "name": "group",
                      "value": "r1"
                    },
                    "childs": []
                  },
                  {
                    "appId": 39,
                    "tag": "span",
                    "description": "Span container",
                    "text": "",
                    "style": {},
                    "phone": {},
                    "attributes": {},
                    "childs": [
                      {
                        "appId": 40,
                        "tag": "text",
                        "description": "Text",
                        "text": "Radio 1 text",
                        "style": {},
                        "phone": {},
                        "attributes": {},
                        "childs": []
                      }
                    ]
                  }
                ]
              },
              {
                "appId": 25,
                "tag": "div",
                "description": "Separator",
                "text": "",
                "style": {
                  "box-sizing": "border-box",
                  "padding": "8px"
                },
                "phone": {},
                "attributes": {},
                "childs": []
              },
              {
                "appId": 41,
                "tag": "label",
                "description": "Range slider",
                "text": "",
                "style": {
                  "-attributes-input": "class=\"formRange\""
                },
                "phone": {},
                "attributes": {
                  "class": "formRange"
                },
                "childs": [
                  {
                    "appId": 42,
                    "tag": "input",
                    "description": "Form input",
                    "text": "",
                    "style": {
                      "-attributes-input": "type=\"range\":;min=\"0\":;max=\"10\":;step=\"0.5\":;oninput=\"console.log(this.value)\""
                    },
                    "phone": {},
                    "attributes": {
                      "type": "range",
                      "min": "0",
                      "max": "10",
                      "step": "0.5",
                      "oninput": "console.log(this.value)"
                    },
                    "childs": []
                  },
                  {
                    "appId": 43,
                    "tag": "span",
                    "description": "Span container",
                    "text": "",
                    "style": {},
                    "phone": {},
                    "attributes": {},
                    "childs": [
                      {
                        "appId": 44,
                        "tag": "text",
                        "description": "Text",
                        "text": "Range slider text",
                        "style": {},
                        "phone": {},
                        "attributes": {},
                        "childs": []
                      }
                    ]
                  }
                ]
              },
              {
                "appId": 26,
                "tag": "div",
                "description": "Separator",
                "text": "",
                "style": {
                  "box-sizing": "border-box",
                  "padding": "8px"
                },
                "phone": {},
                "attributes": {},
                "childs": []
              },
              {
                "appId": 45,
                "tag": "div",
                "description": "Input Date",
                "text": "",
                "style": {
                  "-attributes-input": "class=\"formInputText\""
                },
                "phone": {},
                "attributes": {
                  "class": "formInputText"
                },
                "childs": [
                  {
                    "appId": 46,
                    "tag": "input",
                    "description": "Form input",
                    "text": "",
                    "style": {
                      "-attributes-input": "placeholder=\"yes\":;type=\"date\""
                    },
                    "phone": {},
                    "attributes": {
                      "placeholder": "yes",
                      "type": "date"
                    },
                    "childs": []
                  },
                  {
                    "appId": 47,
                    "tag": "label",
                    "description": "Label",
                    "text": "",
                    "style": {},
                    "phone": {},
                    "attributes": {},
                    "childs": [
                      {
                        "appId": 48,
                        "tag": "text",
                        "description": "",
                        "text": "Date",
                        "style": {},
                        "phone": {},
                        "attributes": {},
                        "childs": []
                      }
                    ]
                  },
                  {
                    "appId": 49,
                    "tag": "span",
                    "description": "Span container",
                    "text": "",
                    "style": {},
                    "phone": {},
                    "attributes": {},
                    "childs": [
                      {
                        "appId": 50,
                        "tag": "text",
                        "description": "Text",
                        "text": "Numbers not allowed",
                        "style": {},
                        "phone": {},
                        "attributes": {},
                        "childs": []
                      }
                    ]
                  }
                ]
              },
              {
                "appId": 27,
                "tag": "div",
                "description": "Separator",
                "text": "",
                "style": {
                  "box-sizing": "border-box",
                  "padding": "8px"
                },
                "phone": {},
                "attributes": {},
                "childs": []
              },
              {
                "appId": 51,
                "tag": "div",
                "description": "Input Color",
                "text": "",
                "style": {
                  "-attributes-input": "class=\"formInputText\""
                },
                "phone": {},
                "attributes": {
                  "class": "formInputText"
                },
                "childs": [
                  {
                    "appId": 52,
                    "tag": "input",
                    "description": "Form input",
                    "text": "",
                    "style": {
                      "-attributes-input": "placeholder=\"yes\":;type=\"color\""
                    },
                    "phone": {},
                    "attributes": {
                      "placeholder": "yes",
                      "type": "color"
                    },
                    "childs": []
                  },
                  {
                    "appId": 53,
                    "tag": "label",
                    "description": "Label",
                    "text": "",
                    "style": {},
                    "phone": {},
                    "attributes": {},
                    "childs": [
                      {
                        "appId": 54,
                        "tag": "text",
                        "description": "",
                        "text": "Color\n",
                        "style": {},
                        "phone": {},
                        "attributes": {},
                        "childs": []
                      }
                    ]
                  },
                  {
                    "appId": 55,
                    "tag": "span",
                    "description": "Span container",
                    "text": "",
                    "style": {},
                    "phone": {},
                    "attributes": {},
                    "childs": [
                      {
                        "appId": 56,
                        "tag": "text",
                        "description": "Text",
                        "text": "Numbers not allowed",
                        "style": {},
                        "phone": {},
                        "attributes": {},
                        "childs": []
                      }
                    ]
                  }
                ]
              },
              {
                "appId": 28,
                "tag": "div",
                "description": "Separator",
                "text": "",
                "style": {
                  "box-sizing": "border-box",
                  "padding": "8px"
                },
                "phone": {},
                "attributes": {},
                "childs": []
              },
              {
                "appId": 57,
                "tag": "div",
                "description": "Select",
                "text": "",
                "style": {
                  "-attributes-input": "class=\"formSelect\""
                },
                "phone": {},
                "attributes": {
                  "class": "formSelect"
                },
                "childs": [
                  {
                    "appId": 58,
                    "tag": "select",
                    "description": "Form select",
                    "text": "",
                    "style": {
                      "-attributes-input": "required=\"false\""
                    },
                    "phone": {},
                    "attributes": {
                      "required": "false"
                    },
                    "childs": [
                      {
                        "appId": 59,
                        "tag": "option",
                        "description": "Select option",
                        "text": "",
                        "style": {},
                        "phone": {},
                        "attributes": {},
                        "childs": [
                          {
                            "appId": 60,
                            "tag": "text",
                            "description": "",
                            "text": "",
                            "style": {},
                            "phone": {},
                            "attributes": {},
                            "childs": []
                          }
                        ]
                      },
                      {
                        "appId": 61,
                        "tag": "option",
                        "description": "Select option",
                        "text": "",
                        "style": {},
                        "phone": {},
                        "attributes": {},
                        "childs": [
                          {
                            "appId": 62,
                            "tag": "text",
                            "description": "",
                            "text": "Mountain",
                            "style": {},
                            "phone": {},
                            "attributes": {},
                            "childs": []
                          }
                        ]
                      },
                      {
                        "appId": 63,
                        "tag": "option",
                        "description": "Select option",
                        "text": "",
                        "style": {},
                        "phone": {},
                        "attributes": {},
                        "childs": [
                          {
                            "appId": 64,
                            "tag": "text",
                            "description": "",
                            "text": "Sea",
                            "style": {},
                            "phone": {},
                            "attributes": {},
                            "childs": []
                          }
                        ]
                      }
                    ]
                  },
                  {
                    "appId": 65,
                    "tag": "span",
                    "description": "Select highlight",
                    "text": "",
                    "style": {},
                    "phone": {},
                    "attributes": {},
                    "childs": []
                  },
                  {
                    "appId": 66,
                    "tag": "span",
                    "description": "Select bar",
                    "text": "",
                    "style": {},
                    "phone": {},
                    "attributes": {},
                    "childs": []
                  },
                  {
                    "appId": 67,
                    "tag": "label",
                    "description": "Label",
                    "text": "",
                    "style": {},
                    "phone": {},
                    "attributes": {},
                    "childs": [
                      {
                        "appId": 68,
                        "tag": "text",
                        "description": "",
                        "text": "What's your favorite",
                        "style": {},
                        "phone": {},
                        "attributes": {},
                        "childs": []
                      }
                    ]
                  }
                ]
              },
              {
                "appId": 75,
                "tag": "div",
                "description": "Separator",
                "text": "",
                "style": {
                  "box-sizing": "border-box",
                  "padding": "8px"
                },
                "phone": {},
                "attributes": {},
                "childs": []
              },
              {
                "appId": 69,
                "tag": "div",
                "description": "Textarea",
                "text": "",
                "style": {
                  "-attributes-input": "class=\"formTextarea\""
                },
                "phone": {},
                "attributes": {
                  "class": "formTextarea"
                },
                "childs": [
                  {
                    "appId": 70,
                    "tag": "textarea",
                    "description": "Form text area",
                    "text": "",
                    "style": {
                      "-attributes-input": "placeholder=\"yes\""
                    },
                    "phone": {},
                    "attributes": {
                      "placeholder": "yes"
                    },
                    "childs": []
                  },
                  {
                    "appId": 71,
                    "tag": "label",
                    "description": "Label",
                    "text": "",
                    "style": {},
                    "phone": {},
                    "attributes": {},
                    "childs": [
                      {
                        "appId": 72,
                        "tag": "text",
                        "description": "",
                        "text": "Description",
                        "style": {},
                        "phone": {},
                        "attributes": {},
                        "childs": []
                      }
                    ]
                  }
                ]
              },
              {
                "appId": 76,
                "tag": "div",
                "description": "Separator",
                "text": "",
                "style": {
                  "box-sizing": "border-box",
                  "padding": "8px"
                },
                "phone": {},
                "attributes": {},
                "childs": []
              },
              {
                "appId": 73,
                "tag": "button",
                "description": "Button",
                "text": "",
                "style": {
                  "-attributes-input": "class=\"formButton\""
                },
                "phone": {},
                "attributes": {
                  "class": "formButton"
                },
                "childs": [
                  {
                    "appId": 74,
                    "tag": "text",
                    "description": "",
                    "text": "Button",
                    "style": {},
                    "phone": {},
                    "attributes": {},
                    "childs": []
                  }
                ]
              }
            ]
          }
        ]
      }
    ]
  }
}