{
  "settings": {
    "appVersion": 1,
    "name": "siteName",
    "title": "Scroll shot example",
    "googleFonts": [
      "Open Sans"
    ],
    "stylesheets": [
      "./examples/scrollShot.css"    ],
    "scripts": [
      "./examples/scrollShot.js"    ]
  },
  "elementsRoot": {
    "tag": "html",
    "description": "Html",
    "text": "",
    "style": {},
    "phone": {},
    "attributes": {},
    "childs": [
      {
        "appId": 1,
        "tag": "head",
        "description": "Head",
        "text": "",
        "style": {},
        "phone": {},
        "attributes": {},
        "childs": []
      },
      {
        "appId": 2,
        "tag": "body",
        "description": "Body",
        "text": "",
        "style": {
          "font-family": "Open Sans",
          "margin": "0",
          "padding": "0"
        },
        "phone": {},
        "attributes": {},
        "childs": [
          {
            "appId": 3,
            "tag": "div",
            "description": "Autocenter",
            "text": "",
            "style": {
              "-attributes-input": "class=\"autocenter\""
            },
            "phone": {},
            "attributes": {
              "class": "autocenter"
            },
            "childs": [
              {
                "appId": 7,
                "tag": "div",
                "description": "Block container",
                "text": "",
                "style": {
                  "display": "flex",
                  "flex-direction": "column",
                  "align-items": "center",
                  "justify-content": "center"
                },
                "phone": {},
                "attributes": {},
                "childs": [
                  {
                    "appId": 8,
                    "tag": "div",
                    "description": "Top spacer",
                    "text": "",
                    "style": {
                      "padding": "100px",
                      "display": "flex",
                      "flex-direction": "column",
                      "align-items": "center",
                      "justify-content": "center",
                      "box-sizing": "border-box",
                      "height": "100vh",
                      "border": "dashed 5px gray"
                    },
                    "phone": {},
                    "attributes": {},
                    "childs": [
                      {
                        "appId": 9,
                        "tag": "p",
                        "description": "Paragraph of text",
                        "text": "",
                        "style": {
                          "font-size": "5em"
                        },
                        "phone": {},
                        "attributes": {},
                        "childs": [
                          {
                            "appId": 10,
                            "tag": "text",
                            "description": "",
                            "text": "Scroll Down ⬇️",
                            "style": {},
                            "phone": {},
                            "attributes": {},
                            "childs": []
                          }
                        ]
                      }
                    ]
                  },
                  {
                    "appId": 5,
                    "tag": "h1",
                    "description": "Great ideas",
                    "text": "",
                    "style": {
                      "-attributes-input": "id=\"title0\":;data-scroll-shot=\"true\":;data-scroll-position=\"15\""
                    },
                    "phone": {},
                    "attributes": {
                      "id": "title0",
                      "data-scroll-shot": "true",
                      "data-scroll-position": "15"
                    },
                    "childs": [
                      {
                        "appId": 6,
                        "tag": "text",
                        "description": "",
                        "text": "Great ideas",
                        "style": {},
                        "phone": {},
                        "attributes": {},
                        "childs": []
                      }
                    ]
                  },
                  {
                    "appId": 17,
                    "tag": "h1",
                    "description": "come from",
                    "text": "",
                    "style": {
                      "-attributes-input": "id=\"title1\":;data-scroll-shot=\"true\":;data-scroll-position=\"25\""
                    },
                    "phone": {},
                    "attributes": {
                      "id": "title1",
                      "data-scroll-shot": "true",
                      "data-scroll-position": "25"
                    },
                    "childs": [
                      {
                        "appId": 18,
                        "tag": "text",
                        "description": "",
                        "text": "come from",
                        "style": {},
                        "phone": {},
                        "attributes": {},
                        "childs": []
                      }
                    ]
                  },
                  {
                    "appId": 19,
                    "tag": "h1",
                    "description": "great minds",
                    "text": "",
                    "style": {
                      "-attributes-input": "id=\"title2\":;data-scroll-shot=\"true\":;data-scroll-position=\"35\""
                    },
                    "phone": {},
                    "attributes": {
                      "id": "title2",
                      "data-scroll-shot": "true",
                      "data-scroll-position": "35"
                    },
                    "childs": [
                      {
                        "appId": 20,
                        "tag": "text",
                        "description": "",
                        "text": "great minds",
                        "style": {},
                        "phone": {},
                        "attributes": {},
                        "childs": []
                      }
                    ]
                  },
                  {
                    "appId": 14,
                    "tag": "div",
                    "description": "Bottom spacer",
                    "text": "",
                    "style": {
                      "padding": "100px",
                      "display": "flex",
                      "flex-direction": "column",
                      "align-items": "center",
                      "justify-content": "center",
                      "box-sizing": "border-box",
                      "height": "100vh",
                      "border": "dashed 5px gray"
                    },
                    "phone": {},
                    "attributes": {},
                    "childs": [
                      {
                        "appId": 15,
                        "tag": "p",
                        "description": "Paragraph of text",
                        "text": "",
                        "style": {
                          "font-size": "5em"
                        },
                        "phone": {},
                        "attributes": {},
                        "childs": [
                          {
                            "appId": 16,
                            "tag": "text",
                            "description": "",
                            "text": "Scroll up ⬆️",
                            "style": {},
                            "phone": {},
                            "attributes": {},
                            "childs": []
                          }
                        ]
                      }
                    ]
                  }
                ]
              }
            ]
          }
        ]
      }
    ]
  }
}