{
  "settings": {
    "appVersion": 1,
    "name": "siteName",
    "title": "siteTitle",
    "googleFonts": [
      "Open Sans"
    ],
    "stylesheets": [
      "./examples/scrollAction.css"
    ],
    "scripts": [
      "./examples/scrollAction.js"
    ]
  },
  "elementsRoot": {
    "tag": "html",
    "description": "Html",
    "text": "",
    "style": {},
    "phone": {},
    "attributes": {},
    "childs": [
      {
        "appId": 0,
        "tag": "head",
        "description": "Head",
        "text": "",
        "style": {},
        "phone": {},
        "attributes": {},
        "childs": []
      },
      {
        "appId": 1,
        "tag": "body",
        "description": "Body",
        "text": "",
        "style": {
          "font-family": "Open Sans",
          "margin": "0",
          "padding": "0"
        },
        "phone": {},
        "attributes": {},
        "childs": [
          {
            "appId": 35,
            "tag": "div",
            "description": "Top spacer",
            "text": "",
            "style": {
              "padding": "100px",
              "display": "flex",
              "flex-direction": "column",
              "align-items": "center",
              "justify-content": "center",
              "box-sizing": "border-box",
              "height": "100vh",
              "border": "dashed 5px gray"
            },
            "phone": {},
            "attributes": {},
            "childs": [
              {
                "appId": 36,
                "tag": "p",
                "description": "Paragraph of text",
                "text": "",
                "style": {
                  "font-size": "5em"
                },
                "phone": {},
                "attributes": {},
                "childs": [
                  {
                    "appId": 37,
                    "tag": "text",
                    "description": "",
                    "text": "Scroll Down ⬇️",
                    "style": {},
                    "phone": {},
                    "attributes": {},
                    "childs": []
                  }
                ]
              }
            ]
          },
          {
            "appId": 38,
            "tag": "div",
            "description": "Autocenter",
            "text": "",
            "style": {
              "margin-right": "auto",
              "margin-left": "auto",
              "box-sizing": "border-box",
              "width": "100%",
              "padding-right": "32px",
              "padding-left": "32px",
              "display": "flex",
              "justify-content": "space-evenly",
              "max-width": "1264px"
            },
            "phone": {
              "padding-right": "16px",
              "padding-left": "16px"
            },
            "attributes": {},
            "childs": [
              {
                "appId": 39,
                "tag": "div",
                "description": "Block container left",
                "text": "",
                "style": {
                  "-attributes-input": "class=\"scrollAction\"",
                  "box-sizing": "border-box",
                  "width": "300px",
                  "height": "300px",
                  "background-color": "#24b6ff",
                  "display": "flex",
                  "flex-direction": "column",
                  "align-items": "center",
                  "justify-content": "center",
                  "border-radius": "25px"
                },
                "phone": {},
                "attributes": {
                  "class": "scrollAction"
                },
                "childs": [
                  {
                    "appId": 41,
                    "tag": "h2",
                    "description": "Header 2",
                    "text": "",
                    "style": {},
                    "phone": {},
                    "attributes": {},
                    "childs": [
                      {
                        "appId": 42,
                        "tag": "text",
                        "description": "",
                        "text": "Left\n",
                        "style": {},
                        "phone": {},
                        "attributes": {},
                        "childs": []
                      }
                    ]
                  }
                ]
              },
              {
                "appId": 9,
                "tag": "div",
                "description": "Block container right",
                "text": "",
                "style": {
                  "-attributes-input": "class=\"scrollAction\"",
                  "box-sizing": "border-box",
                  "width": "300px",
                  "height": "300px",
                  "background-color": "#6ac71f",
                  "display": "flex",
                  "flex-direction": "column",
                  "align-items": "center",
                  "justify-content": "center",
                  "border-radius": "25px",
                  "margin-top": "100px"
                },
                "phone": {},
                "attributes": {
                  "class": "scrollAction"
                },
                "childs": [
                  {
                    "appId": 10,
                    "tag": "h2",
                    "description": "Header 2",
                    "text": "",
                    "style": {},
                    "phone": {},
                    "attributes": {},
                    "childs": [
                      {
                        "appId": 11,
                        "tag": "text",
                        "description": "",
                        "text": "right\n",
                        "style": {},
                        "phone": {},
                        "attributes": {},
                        "childs": []
                      }
                    ]
                  }
                ]
              }
            ]
          }
        ]
      }
    ]
  }
}